url,category,title,author,date,lead,main_content
https://vnexpress.net/chong-sat-lo-di-san-thanh-nha-ho-4886842.html,Thời Sự,Chống sạt lở di sản thành nhà Hồ,Lê Hoàng,2025-05-16,"Sở Văn hóa Thể thao và Du lịch tỉnh Thanh Hóa đang triển khai dự án gia cố, dùng khung thép chống đỡ các đoạn tường thành nhà Hồ có nguy cơ đổ sập.","Ông Nguyễn Bá Linh, Giám đốc Trung tâm Bảo tồn di sản thành nhà Hồ, cho hay 16 đoạn tường thành sạt lở hoặc trong diện nguy cơ, đang biến dạng với tổng chiều dài 370 m sẽ được xử lý. Dự án có tổng kinh phí hơn 14 tỷ đồng, bằng nguồn vốn ngân sách, dự kiến hoàn thành cuối tháng 7.,Theo ông Linh, việc trùng tu, tôn tạo hay gia cố di sản đều được tiến hành thận trọng, đảm bảo hạn chế xâm phạm, làm biến dạng yếu tố nguyên gốc của di tích.,Giải pháp gia cố lần này tập trung vào chống đỡ các khối đá bị xô lệch bằng khung thép cỡ lớn. Đơn vị thi công cũng đóng cọc bêtông cốt thép nhằm gia cố một số đoạn chân thành yếu, phủ lớp chống thấm và tạo rãnh gom nước thoát.,Các loại cây mọc hoang trên bề mặt tường thành có bộ rễ ăn sâu, tác động đến thành đá như duối, sanh, đa hay bồ đề... sẽ được chặt bỏ, vệ sinh sạch sẽ.,Trong thời gian tu sửa, các hoạt động tham quan tại thành nhà Hồ vẫn diễn ra bình thường. Du khách được khuyến cáo không đến gần vị trí nguy cơ sạt lở để đảm bảo an toàn.,Thành nhà Hồ nằm trên hai xã Vĩnh Tiến và Vĩnh Long, huyện Vĩnh Lộc, tỉnh Thanh Hóa. Trải qua hơn 600 năm tồn tại, hầu hết công trình kiến trúc bên trong Hoàng thành đã bị phá hủy. Những dấu tích nền móng của cung điện xưa giờ vẫn nằm ẩn phía dưới những ruộng lúa của người dân quanh vùng.,Ngày 27/6/2011, UNESCO công nhận thành nhà Hồ là di sản văn hóa thế giới."
https://vnexpress.net/bo-truong-tai-chinh-se-co-uu-dai-khi-ho-kinh-doanh-chuyen-thanh-doanh-nghiep-4886845.html,Kinh doanh,Bộ trưởng Tài chính: Sẽ có ưu đãi khi hộ kinh doanh chuyển thành doanh nghiệp,Anh Minh,2025-05-16,"Bộ trưởng Nguyễn Văn Thắng cho biết sẽ có ưu đãi khá lớn, khuyến khích các hộ kinh doanh chuyển mô hình hoạt động, để Việt Nam có 2 triệu doanh nghiệp vào 2030.","Quan điểm này được Bộ trưởng Tài chính Nguyễn Văn Thắng nêu khi giải trình trước Quốc hội ngày 16/5, về dự thảo Nghị quyết một số cơ chế đặc biệt phát triển kinh tế tư nhân.,Việt Nam hiện có trên 5,2 triệu hộ kinh doanh, tạo ra 8-9 triệu việc làm, tương đương với khối công ty tư nhân, theo số liệu của Cục Thống kê các năm 2018-2020. Theo Nghị quyết 68 của Bộ Chính trị, Việt Nam đặt mục tiêu có 2 triệu doanh nghiệp vào 2030 và 3 triệu tới 2045.,Ông Trần Hoàng Ngân, Trợ lý Bí thư Thành ủy TP HCM tính toán hiện bình quân mỗi năm cả nước có thêm 30.000-40.000 doanh nghiệp. Vì thế, để đạt mục tiêu này ông Ngân nói cần có giải pháp đặc biệt, chính sách hỗ trợ cho hộ kinh doanh cá thể để chuyển sang loại hình doanh nghiệp.,Để 5,2 triệu hộ kinh doanh ""lên đời"" doanh nghiệp, theo dự thảo nghị quyết, hình thức thuế khoán với khu vực này sẽ được bỏ từ 1/1/2026. Việc bỏ thuế khoán này, Bộ trưởng Tài chính Nguyễn Văn Thắng cho rằng là chủ trương đúng đắn, nhằm minh bạch hóa hoạt động của hộ kinh doanh. Một trong số chính sách ban đầu được thiết kế là Nhà nước hỗ trợ chi phí thuê, mua phần mềm kế toán dùng chung để hộ kinh doanh sử dụng miễn phí.,""Chính phủ đã bàn rất kỹ giải pháp cụ thể, các chính sách ưu đãi lớn sẽ được thiết kế để khuyến khích hộ kinh doanh chuyển lên doanh nghiệp"", Bộ trưởng Thắng khẳng định.,Khu vực kinh tế tư nhân, gồm hộ kinh doanh, hiện đóng góp khoảng 51% GDP và trên 30% ngân sách nhà nước.,Ông Thắng thông tin thêm Bộ này thí điểm việc bỏ thuế khoán với hộ kinh doanh tại một số địa bàn, và nhận thấy ""chính sách này rất tốt, cần sớm được triển khai chính thức"".,Bộ Tài chính cũng đang chuẩn bị các điều kiện, nhất là về công nghệ thông tin, chuyển đổi số trong lĩnh vực thuế như sử dụng hóa đơn điện tử khởi tạo từ máy tính để thu đúng, đủ và tiết kiệm thời gian, chi phí để các hộ kinh doanh kê khai nộp thuế khi bỏ thuế khoán.,Hiện 3 loại thuế, phí các hộ, cá nhân kinh doanh phải đóng gồm lệ phí môn bài, thuế giá trị gia tăng (VAT) và thu nhập cá nhân. Ngoài ra, họ có thể phải nộp thuế bảo vệ môi trường, tài nguyên... nếu kinh doanh hàng hóa thuộc diện chịu thuế của các luật này. Theo quy định, mức lệ phí môn bài từ 300.000 đồng đến 1 triệu đồng tùy doanh thu, với hộ có thu trên 100 triệu đồng một năm. Họ cũng phải nộp thêm 1,5%, gồm 0,5% thuế thu nhập cá nhân và 1% VAT.,Bà Nguyễn Thị Việt Nga, Phó trưởng đoàn tỉnh Hải Dương góp ý bổ sung thêm mức hỗ trợ, tỷ lệ hỗ trợ kinh phí cụ thể của Nhà nước để mua, thuê các nền tảng số, phần mềm kế toán dùng chung cho hộ kinh doanh, doanh nghiệp nhỏ và siêu nhỏ.,Ngoài ra, Phó trưởng đoàn Thanh Hóa Mai Văn Hải gợi ý cần có thêm chính sách hỗ trợ đào tạo sử dụng các nền tảng số, phần mềm cho hộ kinh doanh khi họ kết nối, kê khai nộp thuế. Ông đề nghị lùi việc bỏ hình thức thuế khoán với hộ kinh doanh tới sau 1/7/2026 để cơ quan quản lý có thêm thời gian chuẩn bị kỹ hạ tầng.,Quốc hội sẽ biểu quyết, thông qua dự thảo nghị quyết này vào sáng 17/5."
https://vnexpress.net/phot-lo-trieu-chung-bac-si-mac-ung-thu-giai-doan-cuoi-4886826.html,Sức khỏe,"Phớt lờ triệu chứng, bác sĩ mắc ung thư giai đoạn cuối",Thục Linh,2025-05-16,"Phát hiện vết bất thường trên gót chân nhưng không đi khám, bác sĩ 63 tuổi được chẩn đoán khi ung thư đã di căn, nguy cơ mất thị lực.","Tiến sĩ Alastair Muir, bác sĩ đa khoa tại Kinross, phát hiện một vết thương màu da ở gót chân cách đây 5 năm và cho rằng đó là mụn cóc hoặc vết chai. Ông tự sử dụng phương pháp áp lạnh tại nhà để loại bỏ mà không nghĩ tới khả năng ung thư. Đây là kỹ thuật dùng nitơ lỏng hoặc chất làm lạnh để đóng băng và phá hủy mô da bất thường. Mãi đến cuối năm, kết quả sinh thiết mới xác nhận ông mắc u hắc tố, dạng,nguy hiểm nhất.,""Phần lớn mọi người nghĩ ung thư hắc tố chỉ bắt nguồn từ nốt ruồi có sắc tố bất thường. Nhưng thực tế, bất kỳ thay đổi nào trên da cũng có thể là dấu hiệu cảnh báo"", ông chia sẻ ngày 14/5.,Muir trải qua nhiều ca phẫu thuật để loại bỏ khối u ở chân, thời gian hồi phục kéo dài khiến ông phải chống nạng hàng tháng. Sau quá trình điều trị, Muir được tuyên bố khỏi bệnh trong ba năm. Tuy nhiên, đầu năm 2023, ông bắt đầu gặp rối loạn thị lực, gồm quáng gà. Các bác sĩ ban đầu nghi ông mắc đa xơ cứng, nhưng xét nghiệm sau đó xác nhận ông bị bệnh võng mạc liên quan đến u hắc tố. Đây là tình trạng hiếm gặp khi hệ miễn dịch tấn công mắt, có thể dẫn đến mù vĩnh viễn.,""Tôi từng là bác sĩ, nhưng chưa bao giờ nghe đến biến chứng này. Khi được cảnh báo có thể bị mù, cảm giác còn kinh khủng hơn cả lúc biết mình mắc ung thư"", ông nói.,Muir được điều trị bằng phương pháp trao đổi huyết tương kết hợp steroid, giúp cải thiện thị lực. Tuy nhiên, vào cuối năm, kết quả chụp chiếu cho thấy ung thư đã di căn đến hạch bạch huyết và xương chậu. Dù tiếp tục phẫu thuật, bệnh vẫn tiến triển.,Cuối năm 2023, ông được thông báo thời gian sống còn chưa đến 5 năm. ""Về cơ bản, đây là một bản án tử hình"", ông chia sẻ.,Theo số liệu y tế, khoảng hai phần ba bệnh nhân ung thư hắc tố giai đoạn cuối không sống quá 5 năm.,Muir đang được điều trị bằng liệu pháp miễn dịch, phương pháp có thể tăng gấp đôi tỷ lệ sống sót trong 10 năm. Dù liệu pháp này tiềm ẩn nguy cơ ảnh hưởng thị lực, ông nói hiệu quả ban đầu rất khả quan.,Ông sẽ tham gia sự kiện đạp xe từ thiện Tour de 4 tại Glasgow vào ngày 7/9 để gây quỹ cho tổ chức Melanoma-Me, dù chỉ có thể đạp xe tại chỗ trong 20 phút vì thị lực suy giảm.,""Thật cảm động khi thấy Sir Chris Hoy, người từng giành 6 huy chương vàng Olympic, cũng chia sẻ về hành trình ung thư. Điều đó truyền cảm hứng để tôi lên tiếng và giúp đỡ người khác"", ông nói. Hoy công bố chẩn đoán ung thư tuyến tiền liệt giai đoạn cuối vào tháng 2/2023 và là người khởi xướng chương trình gây quỹ này.,Các chuyên gia cho biết ung thư hắc tố có thể biểu hiện rất đa dạng và không phải lúc nào cũng xuất phát từ nốt ruồi bất thường như nhiều người vẫn nghĩ. Theo Hiệp hội Ung thư Mỹ (American Cancer Society), u hắc tố có thể xuất hiện dưới dạng các đốm da sáng màu, tổn thương giống mụn cóc, hoặc vết sưng không đau, dễ bị nhầm lẫn với các bệnh da liễu thông thường.,""Mọi người cần theo dõi bất kỳ thay đổi nào trên da, không chỉ là nốt ruồi, đặc biệt nếu chúng kéo dài hoặc ngày càng rõ rệt. Phát hiện sớm u hắc tố có thể giúp điều trị hiệu quả hơn nhiều"", tiến sĩ Julie Sharp, Giám đốc truyền thông y tế tại Cancer Research UK, nhận định.,(Theo,)"
https://vnexpress.net/phong-hoa-nha-em-gai-vi-bi-doi-no-4886884.html,Pháp luật,Phóng hỏa nhà em gái vì bị đòi nợ,Hải Duyên,2025-05-16,"Nguyễn Văn Dũng bực tức vì em gái liên tục đòi món nợ 40 triệu đồng nên mang xăng tới đốt nhà khiến bà này bỏng nặng, hai người khác may mắn chạy thoát.","Ngày 16/5, Dũng, 51 tuổi, bị TAND TP HCM tuyên phạt 13 năm tù về tội,; 2 năm về tội,. Tổng hợp hình phạt, bị cáo phải chấp hành 15 năm tù.,HĐXX đánh giá hành vi của bị cáo mang tính côn đồ, thuộc trường hợp giết 2 người trở lên và bằng cách thức có thể gây chết nhiều người. Tuy nhiên, quá trình điều tra và tại tòa bị cáo ăn năn hối cải, được bị hại xin giảm nhẹ và không yêu cầu bồi thường, hậu quả còn hạn chế... nên giảm nhẹ cho bị cáo một phần hình phạt.,Các bị hại khác không có yêu cầu bồi thường nên tòa không xem xét.,Cáo trạng xác định, Dũng nợ bà Tám (em ruột) 40 triệu đồng nhưng không trả nên người em thường nhắn tin, gọi điện thoại chửi. Dũng bực tức, tối 15/11/2021, mang 3 chai thủy tinh (trong đó có 2 chai đựng xăng) đến trước nhà bà Tám tại quận Tân Bình để đốt.,Thấy bà Tám cùng con trai và một người bạn đang ở bên trong, Dũng ném chai thủy tinh rỗng vào tường nhà, sau đó châm lửa ném một chai xăng vào lầu một. Khi thấy em gái cùng người con trai chạy ra ngoài, bị cáo tiếp tục châm lửa chai xăng còn lại ném về phía họ. Con trai và người bạn của bà Tám chạy thoát, riêng bà bị lửa bao trùm.,Được đưa đi cấp cứu ngay sau đó, nạn nhân thoát chết nhưng bị thương tật 39%. Vụ cháy cũng làm hư hỏng căn nhà của bà Tám hai căn bên cạnh, gây thiệt hại hơn 29 triệu đồng.,Trả lời HĐXX, bị cáo Dũng tỏ ra hối hận, cho biết thời điểm xảy ra vụ án đang bế tắc và túng quẫn nên không suy nghĩ được gì. Ngoài liên quan đến khoản nợ, bị cáo và người em gái hoàn toàn không mâu thuẫn gì. Dũng xin tòa xem xét giảm nhẹ hình phạt để sớm về chăm sóc mẹ già và các con.,Có mặt tại tòa, bà Tám xin HĐXX xem xét giảm nhẹ hình phạt cho Dũng. Bà nói, sau thời gian dài điều trị, sức khỏe hiện tại đã ổn, không yêu cầu bị cáo bồi thường thiệt hại và ""đã tha thứ cho anh trai""."
https://vnexpress.net/nhieu-moi-gioi-nha-dat-phai-hanh-nghe-chui-4883080.html,Bất động sản,Nhiều môi giới nhà đất phải hành nghề 'chui',Phương Uyên,2025-05-16,"Tình trạng đình trệ trong việc tổ chức thi và cấp chứng chỉ thời gian qua khiến nhiều môi giới nhà đất buộc phải hành nghề ""chui"", dù không mong muốn.","Chị Lê Thu Trang và chồng hiện là môi giới nhà đất đang làm việc tại TP HCM. Cả hai đã hành nghề gần 4 năm nhưng vẫn chưa có chứng chỉ môi giới. Chị Trang nói mình đang làm ""chui"", nếu theo đúng quy định mới. Dù vậy, chị không thể bỏ nghề hay tìm việc khác vì đây là kế sinh nhai của gia đình.,Từ giữa năm ngoái khi có quy định yêu cầu môi giới phải có chứng chỉ hành nghề, chị và chồng đã đăng ký học tại một cơ sở và nộp đơn chờ thi lấy bằng. Tuy nhiên, chị vẫn chưa được thi vì không biết cơ sở nào tổ chức sát hạch, cấp bằng.,""Tôi đã hỏi thăm nhiều nơi nhưng vẫn không có câu trả lời, giờ dù học xong mà không thi cũng đâu có bằng cấp"", chị Trang nói.,Anh Hùng, môi giới đang làm việc tại một sàn giao dịch ở quận Bình Thạnh, TP HCM, cũng tham gia một lớp học lấy chứng chỉ vào tháng 9/2024, khi công ty thông báo tổ chức. Chương trình học đã kết thúc từ cuối năm ngoái, đến nay chưa ai trong công ty được thi lấy chứng chỉ. Khi tìm hiểu, anh được lãnh đạo công ty cho biết hiện chưa liên hệ được với cơ quan có trách nhiệm tổ chức sát hạch và cấp chứng chỉ.,""Trong khi đó, công việc vẫn phải tiếp tục chứ không thể chờ có giấy phép mới làm được"", anh Hùng chia sẻ.,Nói với,, lãnh đạo một doanh nghiệp bất động sản với gần 800 môi giới cho biết ngay khi có quy định về chứng chỉ hành nghề, công ty đã lên danh sách cho 100% nhân viên đi học. Tuy nhiên, doanh nghiệp gặp khó khăn vì không rõ học và thi ở đâu. Từ cuối năm 2024 đến nay, mọi hoạt động đăng ký học và thi chứng chỉ đều bị đình trệ do không có cơ quan nào tổ chức.,Người này cho biết đã tự liên hệ nhiều sở, ngành địa phương để xin hướng dẫn, nhưng ngay cả các cơ quan chức năng cũng lúng túng trong khâu xử lý, khiến doanh nghiệp không biết xoay xở ra sao. Hiện nay, chính quyền vẫn chưa ban hành văn bản hướng dẫn cụ thể, cũng chưa xác định rõ cơ quan hoặc đơn vị nào có trách nhiệm tổ chức đào tạo và thi cấp chứng chỉ môi giới.,""Doanh nghiệp muốn làm đúng quy định, nghiêm túc nhưng gặp quá nhiều khó khăn"", người này nói thêm.,Đồng tình, đại diện một doanh nghiệp môi giới trụ sở tại quận 5, TP HCM nói gần 150 hồ sơ đăng ký cấp chứng chỉ hành nghề môi giới của công ty vẫn chưa được duyệt vì không tìm được đơn vị tổ chức sát hạch. Hầu hết môi giới làm việc tại công ty đã hoàn thành khóa học nhưng chưa được cấp chứng chỉ, buộc phải làm việc trái quy định.,""Chúng tôi không rõ cơ quan nào chịu trách nhiệm tổ chức kỳ thi tại TP HCM"", đại diện công ty nói.,Luật Kinh doanh bất động sản 2023 quy định, cá nhân hành nghề môi giới bất động sản phải có chứng chỉ và phải hành nghề trong một sàn giao dịch bất động sản hoặc doanh nghiệp kinh doanh dịch vụ môi giới bất động sản.,Tuy nhiên, một khảo sát mới đây từ Viện Nghiên cứu bất động sản Việt Nam (VARS IRE) cho thấy bức tranh không mấy sáng sủa về tình hình cấp chứng chỉ môi giới bất động sản. Theo đó, cả nước hiện có hơn 300.000 môi giới đang hoạt động, nhưng 89% trong số đó chưa có chứng chỉ, đang sử dụng chứng chỉ hết hiệu lực. Điều này đồng nghĩa với việc có khoảng 260.000 môi giới đang hành nghề trái luật.,Ngoài ra, VARS IRE cho biết gần 52% môi giới chưa từng qua đào tạo chính quy, 24% đã qua đào tạo nhưng chưa được cấp chứng chỉ và 12,8% sở hữu chứng chỉ hết hạn. Chỉ khoảng 11% môi giới hiện nay có chứng chỉ hợp lệ. Điều này phản ánh sự ""lệch chuẩn"" nghiêm trọng trong ngành môi giới bất động sản, không chỉ gây ra vấn đề pháp lý mà còn ảnh hưởng đến tính minh bạch và chuyên nghiệp của toàn thị trường.,Báo cáo của Sở Xây dựng TP HCM cho thấy trong năm 2024, thành phố có 2.041 môi giới bất động sản đã được cấp chứng chỉ hành nghề. Con số này được đánh giá là khiêm tốn so với tổng số hàng chục nghìn môi giới đang hoạt động trên địa bàn.,Đánh giá nguyên nhân dẫn đến thực trạng này, ông Nguyễn Văn Đính, Chủ tịch Hội Môi giới bất động sản Việt Nam, cho biết hơn một năm qua, nhiều đơn vị chức năng tổ chức các lớp đào tạo, nhưng không địa phương nào trên cả nước có thể tổ chức thi sát hạch. Hệ thống thi và cấp chứng chỉ được giao cho chính quyền các địa phương nhưng hiện nay chưa có nới nào tổ chức. Điều này dẫn đến môi giới phải hành nghề ""chui"", trái quy định của pháp luật.,Nếu các địa phương tiếp tục chờ nhau hoặc lo ngại trách nhiệm, kỳ thi sát hạch sẽ mãi chỉ nằm trên giấy"", ông Đính nhấn mạnh.,Tiến sĩ Trần Xuân Lượng, Phó viện trưởng Viện Nghiên VARS IRE, nhận xét thị trường đang tồn tại một nghịch lý đáng buồn là đội ngũ môi giới chưa được cấp chứng chỉ, doanh nghiệp chưa có nhân lực đạt chuẩn, nhưng lại không thể tổ chức thi. Trong khi đó, có đến 416 doanh nghiệp môi giới báo cáo thiếu hụt nhân sự đạt chuẩn, dẫn đến việc nhiều doanh nghiệp môi giới không thể tuyển đủ nhân sự hợp pháp, ảnh hưởng trực tiếp đến hoạt động giao dịch và quá trình phục hồi thị trường.,Nói về tình hình cấp chứng chỉ hành nghề môi giới bất động sản thời gian qua, Sở Xây dựng TP HCM cho biết, hoạt động cấp chứng chỉ hành nghề môi giới đang chững lại do thay đổi cơ quan tổ chức theo Nghị định 96/2024 của Chính phủ.,Trước đây, theo Luật Kinh doanh bất động sản 2014, Sở Xây dựng là đơn vị phụ trách tổ chức kỳ thi sát hạch và cấp chứng chỉ hành nghề. Tuy nhiên, hiện nay thẩm quyền này thuộc UBND cấp tỉnh. Để đảm bảo tính liên tục trong công tác quản lý, Sở Xây dựng đã kiến nghị UBND TP HCM ủy quyền để tiếp tục thực hiện nhiệm vụ này. Đồng thời, Sở cũng đang xây dựng quy trình tổ chức thi và cấp chứng chỉ theo quy định mới.,Bên cạnh việc góp ý Bộ Xây dựng cần sớm ban hành văn bản hướng dẫn cụ thể để UBND các tỉnh, thành phố có cơ sở triển khai kỳ thi theo đúng quy định pháp luật, Hội Môi giới bất động sản Việt Nam cũng kiến nghị cơ quan quản lý cho phép các đơn vị đào tạo đủ điều kiện được phối hợp tổ chức kỳ sát hạch. Đồng thời, Hội đề xuất xây dựng hệ thống thi trực tuyến hoặc liên tỉnh, giảm tải áp lực cho từng địa phương và đảm bảo tính công khai, minh bạch, sớm khôi phục dòng chảy nhân lực môi giới trên thị trường."
https://vnexpress.net/viet-nam-hung-chiu-80-vu-tan-cong-ma-doc-tong-tien-moi-ngay-4875679.html,Khoa học công nghệ,Việt Nam hứng chịu 80 vụ tấn công mã độc tống tiền mỗi ngày,Trọng Đạt,2025-04-20,"Các doanh nghiệp, tổ chức tại Việt Nam liên tục đối mặt làn sóng ransomware với mục đích đòi tiền chuộc.","""Chúng tôi ghi nhận 29.282 vụ tấn công mã độc tống tiền nhằm vào doanh nghiệp Việt trong năm 2024"", ông Adrian Hia, Giám đốc điều hành khu vực châu Á - Thái Bình Dương của Kaspersky, cho biết. Có nghĩa, trung bình mỗi ngày xảy ra 80 vụ tấn công ransomware tại Việt Nam.,Không riêng Việt Nam, mã độc tống tiền cũng được ghi nhận ở các quốc gia Đông Nam Á. Năm qua, Kaspersky phát hiện, ngăn chặn 135.274 vụ ransomware nhắm vào doanh nghiệp khu vực ASEAN. Trong đó nhiều nhất là Indonesia với 57.000 vụ, Philippines 21.000 vụ, Thái Lan gần 14.000 vụ, Malaysia xảy ra 12.000 vụ và tại Singapore là hơn 200 vụ.,""Các doanh nghiệp tại Indonesia hứng chịu,nhiều hơn cả, tiếp theo là Việt Nam và Philippines. Tội phạm mạng đã gia tăng tốc độ hoạt động rõ rệt"", ông Adrian Hia nhận định.,Theo báo cáo của Hiệp hội An ninh mạng quốc gia, 14,59% trong 5.000 cơ quan, doanh nghiệp tham gia khảo sát năm 2024 cho biết từng bị tấn công bằng mã độc ransomware. Trong đó, có nhiều sự cố gây ảnh hưởng nghiêm trọng và kéo dài như trường hợp của PVOIL, VnDirect, hay Vietnam Post đầu năm ngoái. Tuần qua, tập đoàn công nghệ CMC cũng xác nhận trở thành,của tấn công ransomware có chủ đích.,Ông Vũ Ngọc Sơn, Trưởng ban nghiên cứu công nghệ - Hiệp hội An ninh mạng quốc gia, từng ví một vụ tấn công ransomware được thực hiện giống như cách kẻ xấu đột nhập và ẩn náu trong siêu thị. ""Sau thời gian dài quan sát, có thể âm thầm kéo dài tới nửa năm, kẻ tấn công nắm rõ toàn bộ vị trí mặt hàng giá trị, mật khẩu két sắt, mã cửa ra vào. Đến lúc thích hợp, chúng sẽ ra tay, khóa toàn bộ kho hàng, không ai có thể tiếp cận tài sản bên trong"" ông nói.,Chìa khoá một khi nằm trong tay kẻ xấu chỉ được trao đổi nếu nạn nhân chấp nhận trả tiền chuộc. Dữ liệu bị mã hóa, nếu không lưu trữ bảo sao từ trước, nạn nhân chỉ còn cách trả tiền để lấy lại quyền truy cập. Tiền chuộc thường là Bitcoin, khiến khó truy vết thủ phạm.,Theo hãng bảo mật Kaspersky, tội phạm mạng sẽ liên tục rà soát, khai thác lỗ hổng trong nhiều hệ thống công nghệ thông tin. ""Bộ phận IT nên tắt các cổng và dịch vụ không sử dụng để giảm thiểu bề mặt tấn công và hạn chế điểm yếu. Việc sao lưu dữ liệu và kiểm tra khả năng khôi phục cần thực hiện thường xuyên để giảm thiểu thiệt hại từ tấn công ransomware"", chuyên gia Kaspersky khuyến cáo."
https://vnexpress.net/man-do-vui-gay-sot-cua-ong-putin-voi-thu-tuong-malaysia-4886676.html,Thế giới,Màn đố vui gây sốt của ông Putin với Thủ tướng Malaysia,Hồng Hạnh,2025-05-16,Tổng thống Nga kể lại lời đối đáp hài hước của Thủ tướng Malaysia khi trả lời câu đố về cổ vật ngai vàng tại Điện Kremlin.,"Tổng thống Nga Vladimir Putin khiến Thủ tướng Malaysia Anwar Ibrahim và cả hội trường bật cười trong cuộc họp báo tại Điện Kremlin ngày 15/5, khi kể lại câu đố thử tài ông Anwar.,Ông Putin cho hay đã giới thiệu với ông Anwar về Điện Kremlin và đặt câu đố cho Thủ tướng Malaysia về ngai vàng trong Sảnh Thánh Andrews. Đây là căn phòng lớn có trần hình mái vòm với cột đỡ trang trí tinh xảo. Giữa mỗi cột là một đèn chùm. Ở cuối phòng là ba chiếc ghế vàng. Đây từng là nơi lên ngôi của ba Sa hoàng cuối cùng trong lịch sử Nga Alexander II, Alexander III và Nikolai II.,""Một ghế cho Sa hoàng, còn một ghế cho hoàng hậu. Xin hỏi ngài Thủ tướng, ghế còn lại cho ai?"" ông Putin kể. ""Thủ tướng không chần chừ trả lời ngay: 'Người vợ thứ hai'"".,""Tôi hy vọng ngài Thủ tướng đừng giận khi tôi nói thế này. Đây là câu trả lời của một người Hồi giáo thực thụ, đại diện cho văn hóa Hồi giáo. Quan điểm về giá trị truyền thống của chúng ta có thể khác nhau ở một số khía cạnh, nhưng trao đổi thông tin luôn có ích cho đôi bên"", Tổng thống Nga nói tiếp. Hồi giáo cho phép chế độ đa thê nhưng đi kèm các quy định nghiêm ngặt.,Ông Anwar lập tức giải thích: ""Tôi chỉ có một vợ, thưa ngài Tổng thống. Nhưng tôi đoán sai vì đây là câu đố mẹo"".,""Tôi trả lời xong thì mới nhận ra ghế bên trái dành cho thái hậu"", ông kết luận.,""Trao đổi thông tin luôn hữu ích. Cảm ơn ngài"", Tổng thống Putin đáp lời.,Cuộc trò chuyện này gây sốt trên các nền tảng mạng xã hội, thu hút hàng triệu lượt xem. Nhiều người bày tỏ thích thú trước giây phút nhẹ nhàng, thoải mái của hai lãnh đạo.,Thủ tướng Malaysia ngày 13/5 tới Moskva trong chuyến thăm dài 3 ngày. Sau khi rời Nga, ông tiếp tục đến Kazan, Tatarstan, ngày 15/5.,(Theo,)"
https://vnexpress.net/vespa-primavera-va-sprint-moi-ra-mat-gia-80-104-trieu-dong-4886445.html,Xe,"Vespa Primavera và Sprint mới ra mắt, giá 80-104 triệu đồng",Lương Dũng,2025-05-16,"Bộ đôi Sprint và Primavera phiên bản mới nâng cấp thiết kế, thêm tính năng an toàn và công nghệ, giá 80-104 triệu đồng.","Việt Nam ra mắt cặp xe ga mới,và,2025 cho thị trường nội địa ngày 15/5 tại nhà máy ở Vĩnh Phúc. Đây là phiên bản nâng cấp từ Sprint và Primavera hiện tại.,Cả hai cùng lắp ráp tại Việt Nam và bán ra thị trường từ ngày 25/5/2025. Giá bán theo bảng dưới đây:,Ở bản mới, Vespa tăng giá nhẹ cho cả Sprint và Primavera từ 2,2-6,2 triệu đồng so với bản cũ.,Bên cạnh đó, hãng xe máy Italy còn cung cấp thêm bản độc quyền Sprint S với số lượng giới hạn 100 xe tại Việt Nam. Sprint S bản giới hạn có hai màu đen (Black Convinto) kèm bộ phụ kiện đỏ và xám (Grey Intrepido) cùng bộ phụ kiện xanh dương.,Primavera 2025 mang diện mạo mới. Hãng xe Italy tinh chỉnh thiết kế theo phong cách phối màu tone-on-tone mới. Các chi tiết mềm mại trên xe không đổi, trong khi Sprint giữ nguyên các đường cắt vuông vức.,Cặp xe ga mới đều trang bị thêm tính năng và công nghệ. Hệ thống đèn chiếu sáng LED. Cụm đồng hồ nâng cấp với màn hình LCD 3 inch, hiển thị đầy đủ thông tin xe và màn analog cho đồng hồ đo tốc độ. Hỗ trợ kết nối với điện thoại thông minh qua ứng dụng Vespa MIA.,Hai chiếc Vespa được trang bị tính năng an toàn cảm biến nghiêng (Roll Over Sensor) mà trước đây đã có trên chiếc Piaggio Medley. Cảm biến nghiêng tự động tắt máy khi xe nghiêng vượt quá góc an toàn từ 30 độ trở lên so với mặt đất. Hệ thống ngắt động cơ khẩn cấp (nút bấm tắt động cơ trên cùm phải tay lái) trên cả hai dòng Sprint và Primavera mới.,Các điểm mới khác trên cặp Sprint và Primavera 2025 như tay lái thiết kế đồng bộ với màu của tay dắt. Cà vạt trên mặt nạ lấy cảm hứng từ biểu tượng 79 năm Vespa. Cặp vành thiết kế 5 chấu mới trên Primavera, trong khi Sprint với vành thể thao 6 chấu.,cung cấp tùy chọn động cơ 125 phân khối hoặc 150 phân khối. Bản 125 với động cơ i-Get xi-lanh đơn dung tích 124,5 phân khối, làm mát bằng không khí, công suất 10,6 mã lực và mô-men xoắn cực đại 10,4 Nm. Bản 150 sử dụng động cơ i-Get xi-lanh đơn dung tích 154,8 phân khối, làm mát bằng không khí, công suất 12,3 mã lực, mô-men xoắn cực đại 12,7 Nm. Theo chia sẻ từ hãng mẹ Piaggio, Vespa tinh chỉnh động cơ giúp cải thiện mức tiêu thụ nhiên liệu 2,4-2,58 lít/100 km tùy phiên bản.,Sprint hướng đến khách hàng nam giới trong khi Primavera dành cho nữ giới. Trong phân khúc xe ga cao cấp giá trên khoảng 80 triệu đồng tại Việt Nam, cặp xe mới của Vespa so kè với,giá 73,9-102,2 triệu đồng."
https://vnexpress.net/cac-ho-gia-dinh-my-dang-ngheo-di-nhanh-chong-4886362.html,Đời sống,Các hộ gia đình Mỹ đang nghèo đi nhanh chóng,Minh Phương,2025-05-16,Báo cáo công bố hôm 12/5 của Viện Ludwig cho thấy 60% hộ gia đình thuộc nhóm thu nhập thấp và trung bình không khả năng chi trả cho mức sống cơ bản.,"Báo cáo Thịnh vượng Kinh tế (LISEP) của Viện Ludwig sử dụng Chỉ số ""Chất lượng cuộc sống tối thiểu"" đã đưa ra bức tranh thực tế hơn về tình hình đời sống người dân Mỹ.,Chỉ số theo dõi chi tiêu của các hộ gia đình cho thấy họ phải đối mặt với nhiều khó khăn để duy trì chất lượng sống cơ bản theo tiêu chuẩn ""giấc mơ Mỹ"". ""Hộ gia đình có mức sống cơ bản"" theo định nghĩa của LISEP là ngoài nhu cầu về chỗ ở, thực phẩm, đi lại, họ phải có khả năng tiếp cận công nghệ, con cái được học đại học, có thể chi trả cho bảo hiểm y tế...,Theo LISEP, 60% hộ gia đình thu nhập thấp tại Mỹ có cuộc sống ""không đạt chất lượng tối thiểu"". Đơn cử, năm 2023, nhóm này kiếm trung bình 38.000 USD trong khi cần tới 67.000 USD.,Chủ tịch LISEP Gene Ludwig cho rằng các chỉ số kinh tế truyền thống như GDP và tỷ lệ thất nghiệp không phản ánh đúng thực tế đời sống người Mỹ. ""Tầng lớp trung lưu Mỹ đang suy giảm và chúng ta không nhận ra điều đó"", ông Ludwig nói trong chương trình MoneyWatch của đài CBS.,Phân tích của LISEP cho thấy trong giai đoạn 2001 đến 2023, chi phí nhà ở, y tế tăng vọt. Chi phí tối thiểu để học đại học công lập tăng 122%. Cùng giai đoạn, trung vị thu nhập của 60% người thu nhập thấp nhất giảm 4%. Tốc độ tăng thu nhập của họ (0,37% mỗi năm) chưa bằng một nửa so với nhóm còn lại.,Ông Ludwig nhận định khoảng cách thu nhập - chi phí tối thiểu dự kiến tiếp tục nới rộng. ""Các mặt hàng và dịch vụ cấu thành chất lượng sống tối thiểu tăng giá nhanh hơn mức tăng lương"", chuyên gia nói. ""Điều này thực sự nguy hiểm vì dẫn đến bất ổn xã hội, và không công bằng"".,Chuyên gia này nhấn mạnh ""giấc mơ Mỹ"" không phải là được cho không mọi thứ, mà là niềm tin của người dân rằng làm việc chăm chỉ sẽ có cơ hội vươn lên.,(Theo,)"
https://vnexpress.net/ly-do-khach-trung-quoc-den-viet-nam-tang-vuot-bac-4886343.html,Du lịch,Lý do khách Trung Quốc đến Việt Nam tăng vượt bậc,Phương Anh,2025-05-16,"Ẩm thực, thời tiết, an toàn tại Việt Nam tạo cho khách Trung cảm giác ""gần gũi như ở nhà"", khiến lượng khách đến tăng mạnh trong bối cảnh thế giới nhiều biến động.","""Tôi đến Việt Nam hai lần rồi, lần nào cũng thấy vui"", Trần Anh, đến từ Trung Quốc, nói khi du lịch Hội An giữa tháng 5. Nữ du khách 25 tuổi thích Việt Nam vì khoảng cách địa lý gần có thể nhập cảnh bằng đường bộ, chi phí du lịch rẻ và có nhiều bãi biển đẹp. Việt Nam được nữ du khách đánh giá cao về độ an toàn, dù ra đường đi dạo vào lúc trời tối cũng ""không cảm thấy lo lắng"".,Theo số liệu của Cục Thống kê công bố hôm 6/5, Trung Quốc đại lục đang là thị trường gửi khách lớn nhất đến Việt Nam trong 4 tháng đầu năm, với gần 1,95 triệu lượt trên tổng 7,7 triệu lượt khách quốc tế, tăng gần 15% so với năm đỉnh cao du lịch 2019.,Từ đầu năm 2023, Trung Quốc bắt đầu mở cửa biên giới sau đại dịch. Tuy nhiên, trong hai năm 2023-2024, lượng khách Trung Quốc đến Việt Nam vẫn chưa quay trở lại thời điểm hoàng kim như năm 2019. Hai năm này, Hàn Quốc vẫn là thị trường gửi khách đông nhất nhưng sang đến 2025, thứ tự đã thay đổi.,Phó Tổng giám đốc Du lịch Việt Phạm Anh Vũ cho biết từ đầu năm, công ty ghi nhận sự tăng trưởng vượt bậc về số lượng khách Trung Quốc so với cùng kỳ 2024, với mức tăng 30%. Khách Trung Quốc chủ yếu đến các điểm có biển và nhiều khu nghỉ cao cấp như Đà Nẵng, Nha Trang Phú Quốc. Bên cạnh đó, tour khám phá văn hóa, lịch sử tại Hà Nội, Huế cũng nhận được nhiều yêu cầu.,Ông Vũ nhận định thị trường Trung Quốc dẫn đầu lượng khách quốc tế đến Việt Nam trong 4 tháng đầu năm là một tín hiệu phục hồi mạnh mẽ hơn mong đợi nhưng không bất ngờ. ""Điều này hoàn toàn nằm trong dự báo của ngành du lịch vì Trung Quốc luôn là một trong những thị trường lớn nhất"", ông Vũ nói.,""Con số 1,95 triệu lượt này còn cho thấy sức hấp dẫn của Việt Nam đối với thị trường tỷ dân này"", Viện trưởng Phát triển châu Á Phạm Hải Quỳnh nói thêm. Với đà phục hồi này, Trung Quốc có thể là thị trường gửi khách hàng đầu đến Việt Nam năm 2025.,Theo ông Quỳnh, các yếu tố ""then chốt"" giúp Việt Nam trở thành điểm đến hấp dẫn cho khách Trung Quốc chính là mức chi phí sinh hoạt, dịch vụ du lịch rẻ; nhiều bãi biển đẹp; văn hóa phong phú và ẩm thực hấp dẫn. Vùng du lịch ven các cửa khẩu của Trung Quốc cũng là một sức hút để khách sang Việt Nam. Bên cạnh đó, Việt Nam và Trung Quốc có nhiều chính sách song phương, nới lỏng visa góp phần tạo điều kiện thuận lợi cho du khách.,Vị trí địa lý thuận tiện cũng là yếu tố hút khách Trung, theo CEO AZA Travel Nguyễn Tiến Đạt. So với các quốc gia Đông Nam Á như Singapore, Malaysia hay Thái Lan, Việt Nam có lợi thế gần Trung Quốc nhất. Do đó, khách nhập cảnh Việt Nam ngoài đường bay và biển còn có đường bộ, vừa thuận tiện vừa ít tốn chi phí. Trong khi đó, khách Trung Quốc muốn đến ba nước còn lại đều phải bay hoặc cập cảng đường biển.,Trước dịch, khách Trung Quốc thường thích đến Mỹ, châu Âu và các nước Bắc Á như Nhật Bản. Tuy nhiên, sau dịch, kinh tế thế giới suy thoái, người dân các nước chắt chặt chi tiêu nhiều hơn. Người dân Trung Quốc cũng không ngoại lệ. Do đó, nếu muốn du lịch quốc tế và đến những nơi có biển, Việt Nam chính là ưu tiên hàng đầu nhờ chi phí rẻ, biển đẹp, hải sản tươi ngon.,Ngoài ra, thói quen sinh hoạt, thời tiết giữa hai nước tương đồng, nhiều hướng dẫn viên, nhân viên nhà hàng khách sạn biết nói tiếng Trung, điều này tạo cảm giác ""gần gũi như ở nhà"" cho du khách.,Việc nối lại các đường bay thẳng cũng góp phần giúp di chuyển giữa hai nước dễ dàng, tiết kiệm hơn. Các chuyến bay charter cũng nhiều hơn, đáp ứng nhu cầu du lịch của một bộ phận không nhỏ của người dân Trung Quốc. Khôi phục và mở mới hàng loạt đường bay thẳng, tăng tần suất chuyến bay, nối lại các tour đoàn đã tạo điều kiện thuận lợi, thúc đẩy giúp tăng trưởng lượng khách rõ rệt, đặc biệt tại các điểm đến như Đà Nẵng, Nha Trang, Phú Quốc, Quảng Ninh, Hà Nội, TP HCM, theo ông Vũ của Du lịch Việt.,Sau đại dịch, hành vi và xu hướng du lịch của khách Trung Quốc đã có nhiều thay đổi. Viện trưởng Phát triển châu Á Phạm Hải Quỳnh cho biết họ ưu tiên các điểm đến an toàn, có dịch vụ y tế tốt. Trong khi đó, Việt Nam là một trong những quốc gia gây ấn tượng mạnh mẽ và tốt đẹp với thế giới trong việc triển khai phòng chống dịch. Do vậy, Việt Nam là lựa chọn an toàn, thân thiện cho khách Trung trong bối cảnh thế giới nhiều biến động.,Ngoài ra, khách Trung hiện nay thích chọn các chuyến đi ngắn ngày, tiện lợi và có xu hướng đi theo nhóm nhỏ, thay vì du lịch đại chúng, giá rẻ như các tour 0 đồng trước đây. Họ cũng thích khám phá, tập trung vào trải nghiệm nhiều hơn. Việt Nam đã tận dụng tốt điều này bằng cách cải thiện cơ sở hạ tầng, quảng bá mạnh mẽ các điểm đến an toàn và hấp dẫn từ đó tăng thêm sức hút cho điểm đến, cho du lịch Việt Nam.,Tuy nhiên, để du lịch Việt phát triển cả về lượng và chất, các chuyên gia cho rằng ngành cần có các biện pháp quản lý chặt chẽ các tour 0 đồng hoặc siêu rẻ, dẫn đến cạnh tranh không lành mạnh. Để làm được điều này, Việt Nam cần có quy hoạch rõ ràng và giới hạn số lượng khách tại các điểm du lịch nổi tiếng, đầu tư đào tạo nhân viên và nâng cao chất lượng dịch vụ, phát triển các sản phẩm du lịch bền vững, thiết lập cơ chế giám sát để phát hiện và xử lý kịp thời các hành vi sai phạm.,CEO AZA Travel Nguyễn Tiến Đạt cho rằng bên cạnh các giải pháp trên, Việt Nam cần tiếp cận và quảng bá du lịch với các khách hàng nhà giàu Trung Quốc. Khác với khách châu Âu thiên về các trải nghiệm, khách nhà giàu Trung Quốc rất thích mua sắm và chịu chi.,""Chúng ta cần đẩy mạnh công tác xúc tiến, quảng bá để các tệp khách chịu chi này biết đến Việt Nam nhiều hơn. Họ chính là những con gà đẻ trứng vàng"", ông Đạt nói."
https://vnexpress.net/tai-sao-anh-co-gai-khien-nhieu-nguoi-kinh-hai-4886727.html,Thư giãn,Tại sao ảnh cô gái khiến nhiều người 'kinh hãi'?,Mộc Trà,2025-05-16,Ảnh một cô gái với nụ cười rạng rỡ đang ngồi trên giường trông hết sức bình thường nhưng lại khiến không ít người giật mình.,"Với nhãn lực của mình bạn có phát hiện ra điều gì bất thường trong ảnh không?,(Theo,)"
https://vnexpress.net/mat-goc-ngay-tai-que-huong-4886573.html,Góc nhìn,Mất gốc ngay tại quê hương,Thanh Bùi,2025-05-16,"Tôi là người Tây mặt vàng, phải thú thật như vậy. Bởi vì tôi được sinh ra, lớn lên tại Australia nhưng trong gần 28 năm đầu đời, tôi luôn cảm thấy mình lạc trôi. Một người gốc gác Việt Nam sống trong đám đông da trắng, phải làm mọi thứ để hòa nhập, chưa bao giờ tôi thực sự cảm thấy nơi đó là nhà.","Trong lần đầu trở về Việt Nam, đi tới bất cứ đâu - TP HCM, Hà Nội hay Cam Ranh, Biên Hòa - tôi đều cảm nhận được mùi vị quê hương, mỗi nơi một khác nhưng rất gần gũi, thân thuộc.,Rồi tôi đến thăm nơi mà xưa kia ba mẹ lên thuyền rời khỏi Việt Nam, tôi đã khóc quá trời khóc. Không gì diễn tả được cảm xúc sầu tủi của tôi lúc đó. Tôi đã đi gần 30 năm để trở về, để biết được hình hài khuôn mặt mình.,Vấn đề của tôi được gọi chung là ""identity crisis"" (khủng hoảng bản sắc). Và tôi không muốn điều tương tự xảy ra với con cháu mình, ngay cả khi chúng sinh ra và lớn lên ở Việt Nam.,Về nước, tôi bắt đầu sáng tác những bài hát đầu tiên. Những sản phẩm bằng thứ tiếng Việt lơ lớ đó đến giờ chính tôi cũng không thể nghe nổi. Công chúng chấp nhận, hẳn phải có sự cảm thông rất lớn với vốn tiếng Việt của tôi. Gần 15 năm qua, tôi nỗ lực cải thiện khả năng ngôn ngữ, được nhiều người ghi nhận có tiến bộ rõ rệt so với hồi đầu trở về. Tôi vẫn tiếp tục học và trau dồi thêm để nuôi dưỡng và bồi đắp gốc Việt của mình. Cùng với quá trình đó, ở chiều ngược lại, tôi luôn cảm thấy sự thúc giục bên trong về việc liệu mình có thể đóng góp gì giúp thế hệ trẻ Việt Nam hòa nhập với thế giới.,Năm 2012, tôi mở trường dạy nhạc, đánh dấu cột mốc đầu tiên bước chân vào lĩnh vực giáo dục. Ý tưởng này xuất phát từ quan sát thực tế khi làm giám khảo các cuộc thi âm nhạc lớn giai đoạn đó. Tôi thấy thí sinh tham dự đa phần chỉ biết hát mà thiếu các kỹ năng nhạc cụ, sáng tác, hay vũ đạo. Và câu hỏi tôi thường được nhận là ""đó là ca sĩ hay nhạc sĩ?"". Ở Australia, nơi tôi sinh trưởng, không có những thắc mắc như vậy, bởi các nghệ sĩ sẽ được trang bị đầy đủ bộ kỹ năng cho sự nghiệp của mình. Tôi hiểu rằng Việt Nam cần có môi trường giáo dục theo hướng của nền công nghiệp âm nhạc thế giới. Và những lứa học trò đa năng, độc lập đầu tiên của chúng tôi như Vũ Cát Tường, Tiên Tiên đã đạt được thành công nhất định trong sự nghiệp.,Cột mốc thứ hai thúc đẩy tôi tiến sâu vào lĩnh vực giáo dục là khi hai bé sinh đôi của vợ chồng tôi - Khải An và Kiến An - chào đời. Con là tài sản vô giá duy nhất của tôi. Chúng dễ thương, ngây thơ, tình cảm, đời thường. Chúng thương yêu nhau và mọi người xung quanh.,Hai con từng theo học tại một trường quốc tế. Nhiều lần đi học về, các con chào ""Hello"" với bà. Điều này khiến mẹ tôi không hài lòng.,""Chuyện này không thể xảy ra được"". Mẹ tôi dành hơn một giờ đồng hồ nói về việc các cháu có thể học bất cứ thứ gì bên ngoài, nhưng khi về nhà, phải nói tiếng Việt.,Tôi bắt đầu tìm hiểu kỹ hơn và nhận thấy, Việt Nam nằm trong tốp các quốc gia tăng trưởng mạnh về trường quốc tế. Cùng sự phát triển kinh tế, phụ huynh có điều kiện tốt hơn để đầu tư cho con em phát triển toàn diện, giỏi tiếng Anh và có cơ hội du học về sau. Các trường quốc tế đáp ứng được môi trường học hiện đại, thỏa mãn kỳ vọng của phụ huynh. Điều này, về cơ bản là một xu hướng tốt.,Nhưng tôi vẫn băn khoăn, môi trường này đến một lúc nào đó, liệu có khiến tiếng Việt trở thành ngoại ngữ với các em? Ngôn ngữ chỉ là dấu hiệu đầu tiên. Nhưng sự đứt gãy với tiếng mẹ đẻ có thể dẫn đến những đứt gãy khác về văn hóa, truyền thống và bản sắc. Tôi lo ngại thế hệ con mình sẽ mất gốc ngay trên chính quê hương.,Giáo dục quốc tế vì thế chỉ là điều kiện cần, điều kiện đủ để các con trở nên vượt trội, vươn ra thế giới là giữ và phát huy được những giá trị bản sắc của người Việt, nôm na là con hiểu được mình là ai.,Mong muốn cân bằng những tiêu chuẩn giáo dục toàn cầu và giá trị bản sắc cho những đứa trẻ giúp tôi có nhiều động lực để phát triển các trường mầm non, tiểu học, âm nhạc nghệ thuật, thể thao và không gian giáo dục cho trẻ rối loạn phổ tự kỷ. Tôi áp dụng triết lý đơn giản: bên trong các con đều có những tiềm năng ẩn giấu, cái lõi khác biệt đó như một ""bản sắc gốc"". Nếu được tạo điều kiện thông qua nền tảng giáo dục toàn diện, các con không chỉ đáp ứng được đòi hỏi ngày càng đa dạng về kỹ năng mà còn phát triển được những tiềm năng riêng.,Giờ đây, hai con tôi đều sõi tiếng Việt, học song song tiếng Việt và tiếng Anh, không coi nhẹ ngôn ngữ nào. Riêng tôi vẫn muốn ưu tiên tiếng Việt, vì khoa học đã chứng minh, khi tiếng mẹ đẻ giỏi hơn, việc tiếp cận ngôn ngữ khác sẽ trở nên dễ dàng hơn.,Để kết lại, tôi muốn chia sẻ câu chuyện của Thanh Hà, cô học trò âm nhạc của tôi. Lần đầu gặp tôi, cô bé không nói tiếng Việt.,""My name is Jesssia"".,Khi tôi hỏi, con có tên Việt Nam không, cô bé nói: ""No, Jessica. Please don’t call me by my Vietnamese name"".,Tôi hiểu rõ vì sao. Hà cảm thấy lép vế trong môi trường quốc tế. Tên con rất đẹp nhưng bạn bè ngoại quốc lại nghe thành ""Haha"", và thường trêu chọc.,Sau này, Hà học về nhiếp ảnh và thành công tại New York. Khi gặp lại, tôi đã rất vui: ""Jessica, how are you?"".,Câu trả lời rõ ràng bằng tiếng Việt: ""Thầy ơi, tên con là Thanh Hà"".,Như thấy ánh mắt muốn hỏi của tôi, Hà chia sẻ: ""Khi con sống ở New York, chính câu chuyện ở Việt Nam là chất liệu để con tạo ra bản sắc riêng, khiến con khác biệt giữa mặt bằng chung của thế giới này"".,Kỷ nguyên toàn cầu hóa sẽ hình thành dòng dịch chuyển ra vào tự nhiên về văn hóa, ngôn ngữ giữa các quốc gia. Việt Nam cũng vậy, nằm giữa những luồng giao thoa lớn, hội nhập là nhu cầu tất yếu.,Nhưng chúng ta sẽ không thể hội nhập bình đẳng được nếu không hiểu mình đến từ đâu."
https://vnexpress.net/hien-trang-hai-san-khau-30-nam-tuoi-tai-tp-hcm-4885976.html,Giải trí,Hiện trạng hai sân khấu 30 năm tuổi tại TP HCM,Quỳnh Trần,2025-05-14,"Từng là sân khấu ca nhạc thu hút hàng nghìn khán giả, Trống Đồng và Lan Anh ngừng hoạt động, nhiều hạng mục bỏ hoang, đang được tháo dỡ.","Nhìn từ trên cao, sân khấu Trống Đồng trên đường Cách Mạng Tháng Tám hoang vắng. Đầu tháng 5, đại diện Trống Đồng cho biết địa điểm này,từ Tết Nguyên đán Ất Tỵ vì thiếu ban điều hành.,Trống Đồng, do công ty TNHH MTV Công viên cây xanh TP HCM - đơn vị quản lý, thành lập vào tháng 6/1989 với mô hình hoạt động nhỏ gọn, phục vụ số ít người yêu nhạc. Năm 1990, Sở Văn hóa Thông tin TP HCM (nay là Sở Văn hóa và Thể thao TP HCM) cấp giấy phép cho điểm diễn này hoạt động ca nhạc chuyên nghiệp.,Những năm đầu, sân khấu thô sơ, chưa được trang bị micro không dây, không có mái che. Dù vậy, tụ điểm ca nhạc này là một phần ký ức, gắn chặt với đời sống văn hóa - giải trí của khán giả một thời, nâng đỡ nhiều tên tuổi như nghệ sĩ Ngọc Ánh, Quang Linh, Ngọc Sơn, Phương Thanh, Đan Trường, Hiền Thục, Thanh Thảo, Bảo Chung, Nhật Cường, Tấn Beo.,Nhìn từ trên cao, sân khấu Trống Đồng trên đường Cách Mạng Tháng Tám hoang vắng. Đầu tháng 5, đại diện Trống Đồng cho biết địa điểm này,từ Tết Nguyên đán Ất Tỵ vì thiếu ban điều hành.,Trống Đồng, do công ty TNHH MTV Công viên cây xanh TP HCM - đơn vị quản lý, thành lập vào tháng 6/1989 với mô hình hoạt động nhỏ gọn, phục vụ số ít người yêu nhạc. Năm 1990, Sở Văn hóa Thông tin TP HCM (nay là Sở Văn hóa và Thể thao TP HCM) cấp giấy phép cho điểm diễn này hoạt động ca nhạc chuyên nghiệp.,Những năm đầu, sân khấu thô sơ, chưa được trang bị micro không dây, không có mái che. Dù vậy, tụ điểm ca nhạc này là một phần ký ức, gắn chặt với đời sống văn hóa - giải trí của khán giả một thời, nâng đỡ nhiều tên tuổi như nghệ sĩ Ngọc Ánh, Quang Linh, Ngọc Sơn, Phương Thanh, Đan Trường, Hiền Thục, Thanh Thảo, Bảo Chung, Nhật Cường, Tấn Beo.,Khu sân khấu chính xuống cấp, cơ sở vật chất không đáp ứng được việc tổ chức các show diễn.,Nhiều người trong nghề và giới quản lý nhận định trong bối cảnh TP HCM có thêm nhiều điểm diễn mới, sôi động và cải tiến về kỹ thuật, Trống Đồng ngày càng thưa vắng khách vì cơ sở vật chất cũ kỹ. Điểm diễn cũng thiếu sự đầu tư, công năng không còn phù hợp để đáp ứng nhu cầu giải trí của số lượng khán giả lớn.,Khu sân khấu chính xuống cấp, cơ sở vật chất không đáp ứng được việc tổ chức các show diễn.,Nhiều người trong nghề và giới quản lý nhận định trong bối cảnh TP HCM có thêm nhiều điểm diễn mới, sôi động và cải tiến về kỹ thuật, Trống Đồng ngày càng thưa vắng khách vì cơ sở vật chất cũ kỹ. Điểm diễn cũng thiếu sự đầu tư, công năng không còn phù hợp để đáp ứng nhu cầu giải trí của số lượng khán giả lớn.,Những tấm áp phích quảng cáo chương trình ca nhạc, mô hình trang trí được tận dụng làm bạt che chắn.,Đêm nhạc lớn gần nhất tổ chức tại Trống Đồng có tên,diễn ra tháng 7/2024 với sự tham gia của các gương mặt Hồ Văn Cường, Hà Vân, Quốc Đại, nhóm hài Gia Bảo.,Những tấm áp phích quảng cáo chương trình ca nhạc, mô hình trang trí được tận dụng làm bạt che chắn.,Đêm nhạc lớn gần nhất tổ chức tại Trống Đồng có tên,diễn ra tháng 7/2024 với sự tham gia của các gương mặt Hồ Văn Cường, Hà Vân, Quốc Đại, nhóm hài Gia Bảo.,Bảng hiệu bên ngoài Trống Đồng được dỡ bỏ, khu vực sân thành nơi để đồ đạc, thiết bị của công ty cây xanh. Các lối vào đều đóng kín cửa, hạn chế người lạ ra vào sân khấu.,Bảng hiệu bên ngoài Trống Đồng được dỡ bỏ, khu vực sân thành nơi để đồ đạc, thiết bị của công ty cây xanh. Các lối vào đều đóng kín cửa, hạn chế người lạ ra vào sân khấu.,Cách đó khoảng 3 km, cũng trên đường Cách Mạng Tháng Tám,,cũng chung tình trạng như Trống Đồng, đóng cửa từ đầu tháng 5. Công tác tháo dỡ sân khấu đang diễn ra những ngày qua. Bên trong sân khấu Lan Anh, nhiều hạng mục được dỡ bỏ, ngổn ngang sắt thép, gạch đá.,Trước đó, sân khấu ít có hoạt động ca nhạc trong thời gian dài, lần gần nhất là live concert,do Trịnh Thăng Bình tổ chức năm 2023. Đại diện đơn vị quản lý không công bố lý do sân khấu ngừng hoạt động.,Cách đó khoảng 3 km, cũng trên đường Cách Mạng Tháng Tám,,cũng chung tình trạng như Trống Đồng, đóng cửa từ đầu tháng 5. Công tác tháo dỡ sân khấu đang diễn ra những ngày qua. Bên trong sân khấu Lan Anh, nhiều hạng mục được dỡ bỏ, ngổn ngang sắt thép, gạch đá.,Trước đó, sân khấu ít có hoạt động ca nhạc trong thời gian dài, lần gần nhất là live concert,do Trịnh Thăng Bình tổ chức năm 2023. Đại diện đơn vị quản lý không công bố lý do sân khấu ngừng hoạt động.,Khán đài với sức chứa khoảng 3.000 chỗ ngồi bị đập bỏ, hoàn trả mặt bằng.,Sân khấu ca nhạc Lan Anh do Công ty TNHH May Thêu - Thương Mại Lan Anh thành lập năm 1997. Nơi đây thường diễn ra các chương trình ca nhạc lớn, live concert, liveshow của hàng loạt ca sĩ được yêu thích. Gần 30 năm qua, nơi đây chứng kiến sự thành danh của nhiều thế hệ ca sĩ như Lam Trường, Phương Thanh, Đan Trường, Hồ Quỳnh Hương, Mỹ Tâm, Đàm Vĩnh Hưng, Uyên Linh, Hoàng Dũng.,Khán đài với sức chứa khoảng 3.000 chỗ ngồi bị đập bỏ, hoàn trả mặt bằng.,Sân khấu ca nhạc Lan Anh do Công ty TNHH May Thêu - Thương Mại Lan Anh thành lập năm 1997. Nơi đây thường diễn ra các chương trình ca nhạc lớn, live concert, liveshow của hàng loạt ca sĩ được yêu thích. Gần 30 năm qua, nơi đây chứng kiến sự thành danh của nhiều thế hệ ca sĩ như Lam Trường, Phương Thanh, Đan Trường, Hồ Quỳnh Hương, Mỹ Tâm, Đàm Vĩnh Hưng, Uyên Linh, Hoàng Dũng.,Bên ngoài cổng chính sân khấu đóng kín cửa, phủ bạt, luôn có bảo vệ trông coi.,Bên ngoài cổng chính sân khấu đóng kín cửa, phủ bạt, luôn có bảo vệ trông coi."
https://vnexpress.net/minh-vuong-co-the-tai-hop-cong-phuong-4886585.html,Thể thao,Minh Vương có thể tái hợp Công Phượng,Minh Khuê,2025-05-16,CLB Bình Phước ở gần việc chiêu mộ Trần Minh Vương khi tiền vệ này hết hợp đồng với HAGL sau mùa giải 2024-2025.,"Theo nguồn tin của,, Minh Vương cơ bản đạt thỏa thuận miệng với Bình Phước. Đội bóng hạng Nhất sẵn sàng chi không dưới 8 tỷ đồng cho hai năm hợp đồng, để tái hợp Minh Vương và Công Phượng.,Mùa giải 2024-2025 khép lại vào ngày 30/6, cũng là thời điểm Minh Vương hết hợp đồng. Theo luật FIFA, tiền vệ sinh năm 1995 được tự do đàm phán với các CLB khác mà không chịu sự quản lý của CLB chủ quản.,Ở tuổi 30, Minh Vương như nhiều cầu thủ khác quan tâm đến bản hợp đồng lớn có thể là cuối cùng của sự nghiệp. Trong khi đó, Bình Phước cũng cần thêm cầu thủ chất lượng cho mục tiêu lên V-League.,Bình Phước đang xếp nhì tại giải hạng Nhất với 40 điểm, kém Ninh Bình sáu điểm và hơn PVF-CAND bảy điểm, nhưng thi đấu nhiều hơn một trận. Cơ hội vô địch để giành vé trực tiếp mong manh khi Ninh Bình ổn định. Với vị trí thứ hai, họ có sẽ đá play-off với đội thứ 13 V-League, để tranh vé chơi V-League mùa sau. Trận này gồm toàn cầu thủ nội để đảm bảo công bằng do hạng Nhất không sử dụng ngoại binh.,Trường hợp không thể lên hạng mùa này, Bình Phước vẫn là ứng viên vô địch tại hạng Nhất mùa sau, đặc biệt khi có thêm Minh Vương. Đối thủ cạnh tranh vẫn là PVF-CAND. Đối thủ tiềm tàng có thể lên từ hạng Nhì và đang được đầu tư nhiều như Bắc Ninh, Quảng Ninh.,Cuối tháng 2, Minh Vương được cho sẽ rời HAGL trước khi thị trường chuyển nhượng giữa mùa khép lại. Ít nhất hai CLB hạng Nhất quan tâm đến tiền vệ này, trong đó có Bình Phước. Tuy nhiên, Minh Vương quyết định ở lại HAGL đến hết mùa sau cuộc gặp bầu Đức, nhằm góp sức đua trụ hạng cùng đội.,Minh Vương cùng thế hệ với những tài năng lứa một HAGL như Công Phượng, Tuấn Anh, Xuân Trường, Văn Toàn, Văn Thanh, Hồng Duy. Tuy nhiên, anh thuộc lớp năng khiếu, còn các đồng đội thuộc học viện JMG. Tiền vệ quê Thái Bình ở lại CLB với câu nói nổi tiếng ""Dành cả thanh xuân để trụ hạng"", trong khi các đồng đội đều chia tay để tìm bến đỗ mới và nhiều người đã có danh hiệu. Với HAGL, Vương có hai HC đồng Cup Quốc gia 2014 và 2022,Lứa,lên đội một từ năm 2015. Trong khi đó, Minh Vương đã có mặt từ năm 2013, giành danh hiệu cầu thủ trẻ hay nhất giải một năm sau. Sau 13 mùa V-League, Minh Vương đã chơi 231 trận và ghi 47 bàn cho HAGL.,CLB Bình Phước thành lập từ 2006, nhưng một năm sau mới dự giải hạng Ba. Họ lên hạng Nhì năm 2011, rồi lại xuống hạng, trước khi thăng hai hạng liên tiếp để đá hạng Nhất từ năm 2015. Trong hai mùa gần nhất, đội có doanh nghiệp đầu tư mạnh và hướng tới mục tiêu lên chơi V-League.,Ngoài Công Phượng, Bình Phước chiêu mộ nhiều cầu thủ có thâm niên thi đấu V-League nhiều năm, như thủ môn Bùi Tấn Trường, tiền vệ Sầm Ngọc Đức, Hồ Sỹ Giáp, Trần Mạnh Hùng, Trần Phi Sơn, tiền đạo Hồ Tuấn Tài, Lê Thanh Bình.,Ngày 17/5, Bình Phước sẽ làm khách trước PVF-CAND ở vòng 19 hạng Nhất. Nếu thắng, đội sẽ chắc suất nằm trong top 2."
https://vnexpress.net/ty-le-choi-lop-10-pho-thong-nang-khieu-2025-4886472.html,Giáo dục,Thí sinh thi lớp 10 trường Phổ thông Năng khiếu giảm,Lệ Nguyễn,2025-05-15,"Hơn 3.500 thí sinh cạnh tranh 595 suất học lớp 10 trường Phổ thông Năng khiếu, Đại học Quốc gia TP HCM, giảm so với năm ngoái.","Ngày 15/5, trường Phổ thông Năng khiếu cho biết nhận được 3.509 hồ sơ đăng ký dự thi vào lớp 10, ít hơn năm học trước gần 9%. Tỷ lệ chọi trung bình của trường cũng giảm từ 1/6,5 còn 1/6.,Số đăng ký vào lớp chuyên Tiếng Anh, Toán, Văn cao nhất. Trong đó, môn tiếng Anh có gần 1.270 thí sinh chọn, tiếp đến là Toán với hơn 1.000 em.,Kỳ thi vào lớp 10 trường Phổ thông Năng khiếu diễn ra ngày 24-25/5. Thí sinh làm 4 bài thi gồm Toán, Văn, Tiếng Anh và môn chuyên. Thí sinh có thể dự thi tối đa hai môn chuyên miễn không trùng lịch.,Các em tự in phiếu đăng ký dự thi trên hệ thống tuyển sinh của trường, từ ngày 21/5. Điểm thi, điểm chuẩn lớp 10 vào trường Phổ thông Năng khiếu dự kiến được công bố vào ngày 10/6.,Điểm xét tuyển là tổng điểm bốn bài thi, trong đó môn chuyên nhân hệ số hai, không có bài thi nào dưới 2 điểm. Với các lớp chuyên tuyển bằng hai tổ hợp, dựa vào kết quả thi và số lượng nguyện vọng, trường sẽ quyết định điểm xét tuyển với từng nhóm.,Phổ thông Năng khiếu được thành lập năm 1996. Đây là trường duy nhất ở TP HCM tổ chức thi tuyển riêng, độc lập với kỳ thi vào lớp 10 của Sở Giáo dục và Đào tạo. Năm ngoái, điểm chuẩn lớp 10 của trường ở mức 23,5-33,75/40, cao nhất là lớp chuyên Hóa tại cơ sở quận 5."
https://vnexpress.net/ke-hoach-nho-thu-gom-giay-vun-can-thay-doi-tu-duy-4886793.html,Ý kiến,Nhà tôi không kiếm ra 2 kg giấy vụn để con nộp 'kế hoạch nhỏ',Tom,2025-05-16,"Yêu cầu không thu gom giấy bìa, thời gian nộp chỉ vài tuần trong khi nhà tôi không có rác thải giấy.","Tôi là phụ huynh học sinh, trong năm học nhận được thông báo thu gom giấy để các con tham gia ""Kế hoạch nhỏ"", thêm yêu cầu là không thu gom giấy bìa, thời gian một đến hai tuần tùy thời điểm.,Về quan điểm của tôi, các con tham gia các kế hoạch thu gom giấy vụn là tốt, giúp các con hiểu được ý nghĩa của công việc đó như là tiết kiệm, tích tiểu thành đại, bảo vệ môi trường, cách tạo ra giấy và tái chế giấy...,Trong đó tôi thấy,Có người gom được 1-2 kg, có người vài chục kg, nhưng nhà tôi thực sự có rất ít giấy bỏ đi nên việc gom được 2 kg giấy có thể cả năm không được chứ đừng nói đến một hai tuần.,Đâu đó tôi lại thấy tính chạy đua thành tích, tôi không mong tính chạy đua thành tích này sẽ thâm nhập vào thế hệ con cháu chúng ta. Vậy tôi phải làm sao, con tôi phải gom thế nào đây, nếu không gom đủ thiếu thì sao, không có thì sao? Ra nhà thu mua giấy vụn mà mua lại là nhanh nhất.,Nhưng giải pháp này lại đi sai về mặt ý nghĩa của ""Kế hoạch nhỏ"". Tính giáo dục con trẻ không còn nữa, bản thân tôi không muốn làm như vậy, tôi bảo con đi ra cửa hàng tạp hóa xin giấy bìa nộp tạm.,Qua đây tôi muốn nói lên rằng không phải gia đình nào cũng có giấy vụn để thu gom. Chưa kể các phụ huynh trong lớp còn đua nhau gom để lấy thành tích, mà thành tích đó để làm gì, ý nghĩa của việc đó có lớn hơn việc các con tự mình thực hiện và làm trong thời gian dài không?,Nói thật nhà tôi ở phố nên rất nhỏ, chỗ ở còn thiếu chứ lấy đâu chỗ mà tích góp giấy vụn. Có chăng hãy thay đổi tư duy về việc tích góp giấy vụn thay vào đó là việc khác như khuyến khích các con đưa ra các sáng tạo về việc sử dụng giấy, nước điện tiết kiệm hiệu quả để các con thực hiện ở nhà, ở trường, nơi công cộng.,Đã là kế hoạch thì cần có tiêu đề, mục đích, thời gian thực hiện cụ thể có tính khả thi trong hoàn cảnh, sau khi thực hiện xong cần có đánh giá kết quả và việc thực hiện tiếp theo như số tiền sau khi bán dùng làm gì, như thế nào, thì các con mới biết việc mình làm giúp được gì, cho ai.,Các trường học ở phố và ở nông thôn miền núi sẽ có các hoạt động khác nhau cho phù hợp.,Với tôi không có kế hoạch nào là nhỏ cả, góp gió thành bão. Nên cần cho các kế hoạch một tiêu đề và mục đích rõ ràng. Mục đích quan trong hơn cả là để giáo dục các con, giúp các con hiểu về việc mình đang làm, hiểu về việc lập kế hoạch và theo đuổi thực hiện kế hoạch đã đề ra dù đó là kế hoạch gì đi chăng nữa."
https://vnexpress.net/ban-gai-muon-cuoi-o-tuoi-29-toi-thi-khong-4886856.html,Tâm sự,"Bạn gái muốn cưới ở tuổi 29, tôi thì không",Phạm Quân,2025-05-16,"Tôi chia tay em, không phải vì hết yêu mà vì không muốn lãng phí thanh xuân của em thêm nữa.","Tôi 25 tuổi, làm việc và sinh sống tại Sài Gòn. Bạn gái nhỏ hơn 4 tuổi, đang là sinh viên, quen qua mạng, yêu được năm rưỡi. Tôi yêu em nhiều lắm, đã vượt quá giới hạn. Tôi tính tới chuyện cưới em, cùng em lập nghiệp ở Sài Gòn, em lại bảo không muốn cưới sớm, muốn ổn định công việc trước, rồi xây lại căn nhà của ba mẹ. Tôi bảo một mình em chắc chắn không đủ sức nên muốn phụ em về khoản đó, em vẫn kiên quyết với quyết định của mình, 28-29 tuổi mới cưới, với tôi như thế lâu quá. Em cũng xác định sẽ làm gần nhà, một huyện ở Sài Gòn, gia đình em cũng có chút khó khăn, một phần muốn phụ ba mẹ giúp đứa em trai học đại học.,Ban đầu, tôi theo ý em vì thật sự cũng muốn yên bề gia thất. Tôi quá chán cảnh mỗi ngày đi làm về, nằm co ro trong căn trọ nhỏ bé với mái nhà dột mỗi khi mưa. Cảm giác cô đơn lúc đó khiến tôi mỏi mệt hơn bao giờ hết. Gia đình tôi có điều kiện, ba mẹ chưa từng cấm cản tôi sống trên Sài Gòn, cũng không bắt tôi gửi tiền về hàng tháng. Ngược lại, ba mẹ còn cho tôi một căn nhà dưới quê làm quà cưới.,Tôi kể với em về chuyện đó, em lại muốn bán căn nhà dưới quê để lấy tiền xây nhà trên chỗ em. Tôi không đồng ý, vì căn nhà đó là món quà ba mẹ dành cho tôi, là mồ hôi nước mắt của họ. Em cuối cùng cũng nghe theo tôi.,Lúc ấy, em đang học năm 3 đại học, nhưng đã rất áp lực vì chuyện kiếm việc làm sau này. Tôi muốn em đỡ vất vả hơn, đề nghị sẽ cưới sau khi em ra trường và đi làm được một hai năm, em lại không muốn đợi. Tôi đã suy nghĩ rất nhiều, đặc biệt là khi áp lực công việc đè nặng sau ba năm làm việc tại Sài Gòn. Tôi từng muốn nghỉ việc nhưng không thể, một phần vì còn tình cảm với công ty, phần khác vì những công việc khác không đúng mong muốn. Tôi chia sẻ với em, em cũng an ủi nhưng áp lực trong tôi không giảm.,Tôi và em nói chuyện rất nhiều về tương lai. Đến khi tôi hỏi: ""Nếu sau này anh không giàu thì sao"", em lại ấp úng không trả lời. Điều đó khiến tôi càng mệt mỏi, nhất là khi trước đây em lỡ so sánh tôi với bạn trai của bạn thân em. Tôi sợ rằng nếu đến năm 28–29 tuổi, em gặp một người có điều kiện hơn tôi, liệu có rời bỏ tôi không? Trong lúc đó, tôi đưa em về quê ra mắt gia đình. Ba mẹ tôi rất quý em, còn tặng quà và cho cả tiền. Họ nói em ngoan, lễ phép, mong hai đứa sau này cưới nhau rồi cùng làm ăn.,Tôi bàn với em chuyện về quê sống và làm việc, nhà cửa dưới quê đã có sẵn, chỉ cần cùng nhau tích cóp cho tương lai và thỉnh thoảng gửi tiền về cho ba mẹ em. Em không muốn vì không thích sống chung với ba mẹ chồng. Tôi nói nếu vậy mình có thể dọn ra ở riêng, vì ba mẹ đã cho sẵn nhà rồi. Em lại ấp úng, bảo không muốn xa ba mẹ, với lại ba mẹ cũng không muốn em lấy chồng xa, sợ nếu có chuyện gì thì em không biết bấu víu vào ai. Tôi hiểu điều đó nên không trách em. Tôi từng dạy em: ""Ở đời, mình không thể tin được ai hoàn toàn"", em hiểu rõ tính tôi, hiểu cả tính ba mẹ tôi.,Vì vậy, nếu không thể về quê sống, tôi mong cưới em sau khi em đi làm được một năm. Em lại nổi nóng với tôi. Tôi buồn lắm, yêu em thật lòng, không muốn em khổ. Tôi suy nghĩ rất nhiều, thậm chí gọi cho ba mẹ tâm sự. Ba mẹ không trách móc gì cả. Sau cùng, tôi quyết định về quê làm, vì nhận ra mình và em không cùng một hướng đi. Tôi buồn, day dứt suốt mấy ngày. Tôi tự trách mình là người đàn ông tồi, yếu đuối, không có ý chí trước giông bão cuộc sống. Tâm lý tôi không ổn định, khiến bản thân nhiều lần tự dằn vặt.,Tôi chia tay em, không phải vì hết yêu mà vì không muốn lãng phí thanh xuân của em thêm nữa. Xin mọi người cho tôi lời khuyên, liệu việc tôi làm có quá tồi tệ không? Hiện tại tâm trạng tôi rất bất ổn."
